Index,City
1,Bangalore
2,Mumbai
3,Bangalore
4,Pune
5,Pune
6,Pune
7,Delhi
8,Mumbai
9,Bangalore
10,Bangalore
11,Kolkata
12,Mumbai
13,Delhi
14,Mumbai
15,Bangalore
16,Kolkata
17,Kolkata
18,Kolkata
19,Delhi
20,Delhi
21,Kolkata
22,Kolkata
23,Delhi
24,Delhi
25,Pune
26,Mumbai
27,Pune
28,Mumbai
29,Pune
30,Pune
31,Mumbai
32,Kolkata
33,Delhi
34,Bangalore
35,Kolkata
36,Pune
37,Pune
38,Bangalore
39,Pune
40,Mumbai
41,Kolkata
42,Bangalore
43,Mumbai
44,Delhi
45,Mumbai
46,Bangalore
47,Kolkata
48,Delhi
49,Bangalore
50,Delhi
